year,latitude,longitude,ridership,ridership_coords
2024,40.576127,-73.975939,97051.6502,POINT (-73.975939 40.576127)
2024,40.576312,-73.968501,104069.701,POINT (-73.968501 40.576312)
2024,40.577422,-73.981233,539604.9953,POINT (-73.981233 40.577422)
2024,40.577621,-73.961376,381817.4147,POINT (-73.961376 40.577621)
2024,40.580903,-73.835592,26604.6461,POINT (-73.835592 40.580903)
2024,40.581011,-73.974574,46842.5165,POINT (-73.974574 40.581011)
2024,40.583209,-73.827559,12141.0523,POINT (-73.827559 40.583209)
2024,40.585307,-73.820558,16369.3569,POINT (-73.820558 40.585307)
2024,40.586896,-73.954155,425528.6135,POINT (-73.954155 40.586896)
2024,40.588034,-73.813641,27826.7019,POINT (-73.813641 40.588034)
2024,40.588841,-73.983765,84317.0662,POINT (-73.983765 40.588841)
2024,40.58962,-73.97425,73498.9899,POINT (-73.97425 40.58962)
2024,40.590927,-73.796924,75004.4228,POINT (-73.796924 40.590927)
2024,40.592374,-73.788522,51223.8841,POINT (-73.788522 40.592374)
2024,40.592721,-73.97823,86985.9261,POINT (-73.97823 40.592721)
2024,40.592943,-73.776013,22783.719,POINT (-73.776013 40.592943)
2024,40.595246,-73.955161,146115.353,POINT (-73.955161 40.595246)
2024,40.595398,-73.768175,24930.0189,POINT (-73.768175 40.595398)
2024,40.596063,-73.973357,56061.4182,POINT (-73.973357 40.596063)
2024,40.597473,-73.979137,135658.1804,POINT (-73.979137 40.597473)
2024,40.597704,-73.986829,141833.9457,POINT (-73.986829 40.597704)
2024,40.5993,-73.955929,230896.7252,POINT (-73.955929 40.5993)
2024,40.600066,-73.761353,46798.6251,POINT (-73.761353 40.600066)
2024,40.601875,-73.993728,255123.6699,POINT (-73.993728 40.601875)
2024,40.603217,-73.972361,117624.4016,POINT (-73.972361 40.603217)
2024,40.603923,-73.980353,193939.9184,POINT (-73.980353 40.603923)
2024,40.603995,-73.755405,147792.0168,POINT (-73.755405 40.603995)
2024,40.604556,-73.998168,172101.9437,POINT (-73.998168 40.604556)
2024,40.607954,-74.001736,205511.1937,POINT (-74.001736 40.607954)
2024,40.608382,-73.815925,9359.3427,POINT (-73.815925 40.608382)
2024,40.60867,-73.957734,641341.1558,POINT (-73.957734 40.60867)
2024,40.608944,-73.973022,79541.5522,POINT (-73.973022 40.608944)
2024,40.611815,-73.981848,236010.7871,POINT (-73.981848 40.611815)
2024,40.613501,-74.00061,210001.2875,POINT (-74.00061 40.613501)
2024,40.61514,-73.974197,88335.3494,POINT (-73.974197 40.61514)
2024,40.616622,-74.030876,185476.1302,POINT (-74.030876 40.616622)
2024,40.61741,-73.985026,142912.72,POINT (-73.985026 40.61741)
2024,40.617618,-73.959399,172313.071,POINT (-73.959399 40.617618)
2024,40.619589,-73.998864,163779.618,POINT (-73.998864 40.619589)
2024,40.620671,-73.990414,169900.7493,POINT (-73.990414 40.620671)
2024,40.620769,-73.975264,39687.2561,POINT (-73.975264 40.620769)
2024,40.622687,-74.028398,381349.2632,POINT (-74.028398 40.622687)
2024,40.625039,-73.960803,170430.7583,POINT (-73.960803 40.625039)
2024,40.625322,-73.976127,52878.9222,POINT (-73.976127 40.625322)
2024,40.625657,-73.996624,173417.5008,POINT (-73.996624 40.625657)
2024,40.62927,-73.961639,94982.3652,POINT (-73.961639 40.62927)
2024,40.629742,-74.02551,182004.8182,POINT (-74.02551 40.629742)
2024,40.629755,-73.976971,109131.7566,POINT (-73.976971 40.629755)
2024,40.631386,-74.005351,225680.24,POINT (-74.005351 40.631386)
2024,40.631435,-73.995476,62328.5736,POINT (-73.995476 40.631435)
2024,40.632836,-73.947642,556837.2651,POINT (-73.947642 40.632836)
2024,40.634967,-74.023377,264658.4349,POINT (-74.023377 40.634967)
2024,40.635064,-74.011719,387872.3387,POINT (-74.011719 40.635064)
2024,40.635082,-73.962793,328755.6245,POINT (-73.962793 40.635082)
2024,40.636119,-73.978172,126046.2138,POINT (-73.978172 40.636119)
2024,40.63626,-73.994791,114064.4233,POINT (-73.994791 40.63626)
2024,40.639967,-73.948411,213840.191,POINT (-73.948411 40.639967)
2024,40.640914,-73.994304,131790.062,POINT (-73.994304 40.640914)
2024,40.640927,-73.963891,193362.6271,POINT (-73.963891 40.640927)
2024,40.641362,-74.017881,426696.3127,POINT (-74.017881 40.641362)
2024,40.644031,-73.964492,120375.5525,POINT (-73.964492 40.644031)
2024,40.644041,-73.979678,318688.3347,POINT (-73.979678 40.644041)
2024,40.645069,-74.014034,285652.4674,POINT (-74.014034 40.645069)
2024,40.645098,-73.948959,142185.0912,POINT (-73.948959 40.645098)
2024,40.646292,-73.994324,188877.2858,POINT (-73.994324 40.646292)
2024,40.646654,-73.90185,84003.9176,POINT (-73.90185 40.646654)
2024,40.648939,-74.010006,260768.9062,POINT (-74.010006 40.648939)
2024,40.650527,-73.962982,471462.823,POINT (-73.962982 40.650527)
2024,40.650573,-73.899485,87360.9088,POINT (-73.899485 40.650573)
2024,40.650782,-73.975776,201373.545,POINT (-73.975776 40.650782)
2024,40.650843,-73.949575,276804.6236,POINT (-73.949575 40.650843)
2024,40.655144,-74.003549,531734.0533,POINT (-74.003549 40.655144)
2024,40.655292,-73.961495,200819.5946,POINT (-73.961495 40.655292)
2024,40.656652,-73.9502,245520.2335,POINT (-73.9502 40.656652)
2024,40.658733,-73.899232,104916.7722,POINT (-73.899232 40.658733)
2024,40.660365,-73.979493,211387.8703,POINT (-73.979493 40.660365)
2024,40.660397,-73.998091,123907.7241,POINT (-73.998091 40.660397)
2024,40.660476,-73.830301,131093.2534,POINT (-73.830301 40.660476)
2024,40.661453,-73.916327,136015.9845,POINT (-73.916327 40.661453)
2024,40.661614,-73.962246,340572.3353,POINT (-73.962246 40.661614)
2024,40.662549,-73.908946,130712.9677,POINT (-73.908946 40.662549)
2024,40.662742,-73.95085,185512.55,POINT (-73.95085 40.662742)
2024,40.663515,-73.902447,72100.9522,POINT (-73.902447 40.663515)
2024,40.664038,-73.900571,87035.017,POINT (-73.900571 40.664038)
2024,40.664635,-73.894895,116355.878,POINT (-73.894895 40.664635)
2024,40.664717,-73.92261,183663.6863,POINT (-73.92261 40.664717)
2024,40.665414,-73.992872,197517.1285,POINT (-73.992872 40.665414)
2024,40.665449,-73.889395,71777.2253,POINT (-73.889395 40.665449)
2024,40.666235,-73.884079,155361.0062,POINT (-73.884079 40.666235)
2024,40.666271,-73.980305,416108.5603,POINT (-73.980305 40.666271)
2024,40.667883,-73.950683,110425.4715,POINT (-73.950683 40.667883)
2024,40.668234,-73.834058,26015.1847,POINT (-73.834058 40.668234)
2024,40.668897,-73.932942,789473.0166,POINT (-73.932942 40.668897)
2024,40.669367,-73.901975,67012.9424,POINT (-73.901975 40.669367)
2024,40.669399,-73.942161,143939.6227,POINT (-73.942161 40.669399)
2024,40.669847,-73.950466,119958.8298,POINT (-73.950466 40.669847)
2024,40.670513,-73.958688,521343.6503,POINT (-73.958688 40.670513)
2024,40.670559,-73.989041,432672.7031,POINT (-73.989041 40.670559)
2024,40.671987,-73.964375,177224.4251,POINT (-73.964375 40.671987)
2024,40.672097,-73.835919,28106.6238,POINT (-73.835919 40.672097)
2024,40.67271,-73.890358,81843.9799,POINT (-73.890358 40.67271)
2024,40.67358,-73.995959,145324.0266,POINT (-73.995959 40.67358)
2024,40.67413,-73.88075,81852.4048,POINT (-73.88075 40.67413)
2024,40.674542,-73.896548,74899.0451,POINT (-73.896548 40.674542)
2024,40.674772,-73.957624,53507.6786,POINT (-73.957624 40.674772)
2024,40.675235,-73.971046,258176.2229,POINT (-73.971046 40.675235)
2024,40.675345,-73.903097,56822.4237,POINT (-73.903097 40.675345)
2024,40.675377,-73.872106,327964.1703,POINT (-73.872106 40.675377)
2024,40.676992,-73.898654,57246.5835,POINT (-73.898654 40.676992)
2024,40.677044,-73.86505,174237.8822,POINT (-73.86505 40.677044)
2024,40.67705,-73.972367,326356.2595,POINT (-73.972367 40.67705)
2024,40.677316,-73.98311,268482.4897,POINT (-73.98311 40.677316)
2024,40.678024,-73.891688,75440.9719,POINT (-73.891688 40.678024)
2024,40.67834,-73.911946,172781.1875,POINT (-73.911946 40.67834)
2024,40.678822,-73.920786,163277.7612,POINT (-73.920786 40.678822)
2024,40.678896,-73.904356,286294.4673,POINT (-73.904356 40.678896)
2024,40.679364,-73.930729,420245.6759,POINT (-73.930729 40.679364)
2024,40.679371,-73.858992,134535.0072,POINT (-73.858992 40.679371)
2024,40.679843,-73.85147,87379.8357,POINT (-73.85147 40.679843)
2024,40.679921,-73.940858,229299.3842,POINT (-73.940858 40.679921)
2024,40.679947,-73.884639,59263.1424,POINT (-73.884639 40.679947)
2024,40.680303,-73.995048,403859.7757,POINT (-73.995048 40.680303)
2024,40.680429,-73.843853,232496.4135,POINT (-73.843853 40.680429)
2024,40.680438,-73.950426,589895.0863,POINT (-73.950426 40.680438)
2024,40.680829,-73.975098,166839.9113,POINT (-73.975098 40.680829)
2024,40.680988,-73.956337,195422.6851,POINT (-73.956337 40.680988)
2024,40.68141,-73.880039,68446.9229,POINT (-73.880039 40.68141)
2024,40.681711,-73.837683,54779.1171,POINT (-73.837683 40.681711)
2024,40.682829,-73.905249,86681.6598,POINT (-73.905249 40.682829)
2024,40.682893,-73.910456,89146.7532,POINT (-73.910456 40.682893)
2024,40.683194,-73.873785,103641.0033,POINT (-73.873785 40.683194)
2024,40.683263,-73.965838,256992.5171,POINT (-73.965838 40.683263)
2024,40.684162,-73.977789,1495651.9884,POINT (-73.977789 40.684162)
2024,40.684331,-73.832163,70845.8027,POINT (-73.832163 40.684331)
2024,40.685951,-73.825798,206270.9629,POINT (-73.825798 40.685951)
2024,40.686113,-73.973946,202799.2928,POINT (-73.973946 40.686113)
2024,40.686145,-73.990862,403299.5575,POINT (-73.990862 40.686145)
2024,40.68637,-73.916559,179354.4724,POINT (-73.916559 40.68637)
2024,40.687119,-73.975375,204935.0091,POINT (-73.975375 40.687119)
2024,40.688089,-73.966839,166361.6368,POINT (-73.966839 40.688089)
2024,40.688246,-73.980492,342834.4011,POINT (-73.980492 40.688246)
2024,40.688484,-73.985001,430724.5334,POINT (-73.985001 40.688484)
2024,40.688764,-73.904046,145083.6287,POINT (-73.904046 40.688764)
2024,40.688873,-73.96007,175499.7846,POINT (-73.96007 40.688873)
2024,40.689627,-73.953522,304776.0296,POINT (-73.953522 40.689627)
2024,40.68963,-73.92227,216157.9777,POINT (-73.92227 40.68963)
2024,40.689941,-73.87255,50475.6284,POINT (-73.87255 40.689941)
2024,40.690545,-73.985065,292185.5178,POINT (-73.985065 40.690545)
2024,40.690635,-73.981824,724962.4245,POINT (-73.981824 40.690635)
2024,40.691324,-73.867139,44316.1694,POINT (-73.867139 40.691324)
2024,40.692259,-73.986642,1231570.2837,POINT (-73.986642 40.692259)
2024,40.692435,-73.86001,131824.6761,POINT (-73.86001 40.692435)
2024,40.693241,-73.990642,954916.3832,POINT (-73.990642 40.693241)
2024,40.693342,-73.928814,193913.9288,POINT (-73.928814 40.693342)
2024,40.693879,-73.851576,52905.5437,POINT (-73.851576 40.693879)
2024,40.694568,-73.949046,153041.6585,POINT (-73.949046 40.694568)
2024,40.695178,-73.84433,90364.2235,POINT (-73.84433 40.695178)
2024,40.695602,-73.904084,248852.3887,POINT (-73.904084 40.695602)
2024,40.697207,-73.935657,423412.0893,POINT (-73.935657 40.697207)
2024,40.697418,-73.836345,68667.4856,POINT (-73.836345 40.697418)
2024,40.697466,-73.993086,262663.57,POINT (-73.993086 40.697466)
2024,40.697857,-73.927397,130965.1902,POINT (-73.927397 40.697857)
2024,40.698664,-73.919711,135535.8426,POINT (-73.919711 40.698664)
2024,40.699337,-73.990531,332209.0638,POINT (-73.990531 40.699337)
2024,40.699622,-73.911986,770814.194,POINT (-73.911986 40.699622)
2024,40.70026,-73.941126,249818.6724,POINT (-73.941126 40.70026)
2024,40.700377,-73.950234,88442.5133,POINT (-73.950234 40.700377)
2024,40.700486,-73.807969,965392.3739,POINT (-73.807969 40.700486)
2024,40.700492,-73.828294,68657.9903,POINT (-73.828294 40.700492)
2024,40.701397,-73.986751,525103.0464,POINT (-73.986751 40.701397)
2024,40.702147,-73.801109,929624.9033,POINT (-73.801109 40.702147)
2024,40.702566,-73.816859,155925.3901,POINT (-73.816859 40.702566)
2024,40.702578,-74.013329,981102.4053,POINT (-74.013329 40.702578)
2024,40.702762,-73.90774,100013.3443,POINT (-73.90774 40.702762)
2024,40.703811,-73.918425,426845.4102,POINT (-73.918425 40.703811)
2024,40.703869,-73.947408,135291.0778,POINT (-73.947408 40.703869)
2024,40.704423,-73.903077,148493.9561,POINT (-73.903077 40.704423)
2024,40.704817,-74.014065,762729.1203,POINT (-74.014065 40.704817)
2024,40.70546,-73.810708,144169.7417,POINT (-73.810708 40.70546)
2024,40.706092,-73.950308,139997.5942,POINT (-73.950308 40.706092)
2024,40.706152,-73.933147,265297.4159,POINT (-73.933147 40.706152)
2024,40.706186,-73.895877,186413.9414,POINT (-73.895877 40.706186)
2024,40.706476,-74.011056,198695.8513,POINT (-74.011056 40.706476)
2024,40.706607,-73.922913,327899.5811,POINT (-73.922913 40.706607)
2024,40.706821,-74.0091,610962.9882,POINT (-74.0091 40.706821)
2024,40.70687,-73.953431,100968.6043,POINT (-73.953431 40.70687)
2024,40.70722,-74.013342,182015.0759,POINT (-74.013342 40.70722)
2024,40.707513,-74.013783,241632.3624,POINT (-74.013783 40.707513)
2024,40.707557,-74.011862,538621.6385,POINT (-74.011862 40.707557)
2024,40.707564,-73.803326,235997.8432,POINT (-73.803326 40.707564)
2024,40.707739,-73.93985,255389.3778,POINT (-73.93985 40.707739)
2024,40.708359,-73.957757,424700.167,POINT (-73.957757 40.708359)
2024,40.709179,-73.820574,162515.7023,POINT (-73.820574 40.709179)
2024,40.710089,-74.007838,2845123.6146,POINT (-74.007838 40.710089)
2024,40.71047,-73.793604,258165.7804,POINT (-73.793604 40.71047)
2024,40.711396,-73.889601,131852.5081,POINT (-73.889601 40.711396)
2024,40.711835,-74.012188,540882.0291,POINT (-74.012188 40.711835)
2024,40.711926,-73.94067,230581.4083,POINT (-73.94067 40.711926)
2024,40.712603,-74.009552,1953744.075,POINT (-74.009552 40.712603)
2024,40.712646,-73.783817,613051.6842,POINT (-73.783817 40.712646)
2024,40.713154,-74.003766,882854.2329,POINT (-74.003766 40.713154)
2024,40.713282,-74.006978,184071.1507,POINT (-74.006978 40.713282)
2024,40.713428,-73.950847,598270.3277,POINT (-73.950847 40.713428)
2024,40.713715,-73.990173,539146.7413,POINT (-73.990173 40.713715)
2024,40.714441,-73.831008,750578.5965,POINT (-73.831008 40.714441)
2024,40.714565,-73.944053,336128.0916,POINT (-73.944053 40.714565)
2024,40.715478,-74.009266,567575.0239,POINT (-74.009266 40.715478)
2024,40.717304,-73.956872,1280172.7047,POINT (-73.956872 40.717304)
2024,40.718267,-73.993753,889627.736,POINT (-73.993753 40.718267)
2024,40.718331,-73.837324,112602.9662,POINT (-73.837324 40.718331)
2024,40.718463,-73.987776,1040706.6578,POINT (-73.987776 40.718463)
2024,40.718701,-74.00058,1618836.025,POINT (-74.00058 40.718701)
2024,40.719318,-74.006886,207465.0386,POINT (-74.006886 40.719318)
2024,40.72028,-73.993915,131279.1125,POINT (-73.993915 40.72028)
2024,40.720824,-74.005229,631594.1997,POINT (-74.005229 40.720824)
2024,40.721691,-73.844521,870975.229,POINT (-73.844521 40.721691)
2024,40.722301,-73.997141,455706.884,POINT (-73.997141 40.722301)
2024,40.722854,-74.006277,175349.3124,POINT (-74.006277 40.722854)
2024,40.723402,-73.989938,620393.1657,POINT (-73.989938 40.723402)
2024,40.724329,-73.997702,480892.269,POINT (-73.997702 40.724329)
2024,40.724635,-73.951277,315354.9562,POINT (-73.951277 40.724635)
2024,40.725606,-73.995432,1420366.1981,POINT (-73.995432 40.725606)
2024,40.726227,-74.003739,472074.6074,POINT (-74.003739 40.726227)
2024,40.726523,-73.852719,254143.6223,POINT (-73.852719 40.726523)
2024,40.728251,-74.005367,446118.8906,POINT (-74.005367 40.728251)
2024,40.729846,-73.861604,448985.6292,POINT (-73.861604 40.729846)
2024,40.730054,-73.99107,595387.409,POINT (-73.99107 40.730054)
2024,40.730328,-73.992629,595334.5331,POINT (-73.992629 40.730328)
2024,40.730953,-73.981628,891174.5927,POINT (-73.981628 40.730953)
2024,40.731352,-73.954449,318576.0327,POINT (-73.954449 40.731352)
2024,40.732338,-74.000495,1597407.7934,POINT (-74.000495 40.732338)
2024,40.732849,-73.986122,251924.4112,POINT (-73.986122 40.732849)
2024,40.733106,-73.869229,617496.5884,POINT (-73.869229 40.733106)
2024,40.733422,-74.002906,431335.5199,POINT (-74.002906 40.733422)
2024,40.735066,-73.990416,3321796.6306,POINT (-73.990416 40.735066)
2024,40.737015,-73.877223,595316.7783,POINT (-73.877223 40.737015)
2024,40.737796,-73.997732,1538550.2224,POINT (-73.997732 40.737796)
2024,40.739864,-73.986599,789490.0031,POINT (-73.986599 40.739864)
2024,40.740335,-74.002134,1742555.018,POINT (-74.002134 40.740335)
2024,40.74104,-73.997871,264102.645,POINT (-73.997871 40.74104)
2024,40.741303,-73.989344,674950.4829,POINT (-73.989344 40.741303)
2024,40.742216,-73.948916,157204.4394,POINT (-73.948916 40.742216)
2024,40.742454,-73.882017,427925.0123,POINT (-73.882017 40.742454)
2024,40.742626,-73.953581,574605.0183,POINT (-73.953581 40.742626)
2024,40.742878,-73.992821,852549.8343,POINT (-73.992821 40.742878)
2024,40.74307,-73.984264,675718.9664,POINT (-73.984264 40.74307)
2024,40.743132,-73.918435,413034.2919,POINT (-73.918435 40.743132)
2024,40.743781,-73.924016,318440.8751,POINT (-73.924016 40.743781)
2024,40.744065,-73.949724,58589.6237,POINT (-73.949724 40.744065)
2024,40.744081,-73.995657,474593.6996,POINT (-73.995657 40.744081)
2024,40.744149,-73.912549,216029.0545,POINT (-73.912549 40.744149)
2024,40.744587,-73.930997,242876.1931,POINT (-73.930997 40.744587)
2024,40.745494,-73.988691,443233.7221,POINT (-73.988691 40.745494)
2024,40.74563,-73.902984,568155.9757,POINT (-73.902984 40.74563)
2024,40.745906,-73.998041,715514.3063,POINT (-73.998041 40.745906)
2024,40.746081,-73.982076,909354.6407,POINT (-73.982076 40.746081)
2024,40.746325,-73.896403,209215.4661,POINT (-73.896403 40.746325)
2024,40.746746,-73.891366,2276956.0435,POINT (-73.891366 40.746746)
2024,40.747141,-73.945032,905570.4439,POINT (-73.945032 40.747141)
2024,40.747215,-73.993365,451533.6955,POINT (-73.993365 40.747215)
2024,40.747659,-73.883697,325288.4695,POINT (-73.883697 40.747659)
2024,40.748408,-73.876613,685047.6956,POINT (-73.876613 40.748408)
2024,40.748973,-73.937243,650058.1474,POINT (-73.937243 40.748973)
2024,40.749145,-73.869527,977665.3582,POINT (-73.869527 40.749145)
2024,40.749643,-73.987887,3658051.6998,POINT (-73.987887 40.749643)
2024,40.749669,-73.898453,115854.0892,POINT (-73.898453 40.749669)
2024,40.749865,-73.8627,951408.4564,POINT (-73.8627 40.749865)
2024,40.750373,-73.991057,2390888.6121,POINT (-73.991057 40.750373)
2024,40.750582,-73.940202,470879.652,POINT (-73.940202 40.750582)
2024,40.75173,-73.855334,281601.6865,POINT (-73.855334 40.75173)
2024,40.751992,-73.977359,5002586.7083,POINT (-73.977359 40.751992)
2024,40.752039,-73.928781,118184.7067,POINT (-73.928781 40.752039)
2024,40.752287,-73.993391,2741190.3924,POINT (-73.993391 40.752287)
2024,40.752882,-73.932755,132421.7986,POINT (-73.932755 40.752882)
2024,40.752885,-73.906006,216431.3471,POINT (-73.906006 40.752885)
2024,40.754022,-73.983266,1686750.4645,POINT (-73.983266 40.754022)
2024,40.754203,-73.942836,203677.9621,POINT (-73.942836 40.754203)
2024,40.754622,-73.845625,291356.9333,POINT (-73.845625 40.754622)
2024,40.755746,-73.987581,6777693.9402,POINT (-73.987581 40.755746)
2024,40.755882,-74.00191,885177.1018,POINT (-74.00191 40.755882)
2024,40.756312,-73.913333,237111.7544,POINT (-73.913333 40.756312)
2024,40.756804,-73.929575,222797.1708,POINT (-73.929575 40.756804)
2024,40.756879,-73.92074,434269.3948,POINT (-73.92074 40.756879)
2024,40.75733,-73.970487,1837230.1359,POINT (-73.970487 40.75733)
2024,40.758663,-73.981329,1770060.5461,POINT (-73.981329 40.758663)
2024,40.759145,-73.95326,253880.314,POINT (-73.95326 40.759145)
2024,40.7596,-73.83003,2227230.5342,POINT (-73.83003 40.7596)
2024,40.759901,-73.984139,947519.6267,POINT (-73.984139 40.759901)
2024,40.760167,-73.975224,703469.4247,POINT (-73.975224 40.760167)
2024,40.761728,-73.983849,738574.3658,POINT (-73.983849 40.761728)
2024,40.76182,-73.925508,415242.8814,POINT (-73.925508 40.76182)
2024,40.762456,-73.985984,800553.0793,POINT (-73.985984 40.762456)
2024,40.762593,-73.967613,1790370.7885,POINT (-73.967613 40.762593)
2024,40.762862,-73.981637,639775.375,POINT (-73.981637 40.762862)
2024,40.763972,-73.97745,373494.9629,POINT (-73.97745 40.763972)
2024,40.764629,-73.966113,500512.9431,POINT (-73.966113 40.764629)
2024,40.764664,-73.980658,1235246.253,POINT (-73.980658 40.764664)
2024,40.764811,-73.973347,552073.5554,POINT (-73.973347 40.764811)
2024,40.766779,-73.921479,454894.2869,POINT (-73.921479 40.766779)
2024,40.768141,-73.96387,777407.4291,POINT (-73.96387 40.768141)
2024,40.768272,-73.981833,2470216.7986,POINT (-73.981833 40.768272)
2024,40.768799,-73.958424,1011942.5881,POINT (-73.958424 40.768799)
2024,40.770258,-73.917843,365558.9775,POINT (-73.917843 40.770258)
2024,40.77344,-73.982209,677539.1582,POINT (-73.982209 40.77344)
2024,40.77362,-73.959874,961195.6974,POINT (-73.959874 40.77362)
2024,40.775036,-73.912034,501605.198,POINT (-73.912034 40.775036)
2024,40.775594,-73.97641,393375.937,POINT (-73.97641 40.775594)
2024,40.777891,-73.951787,829867.0141,POINT (-73.951787 40.777891)
2024,40.778453,-73.98197,1425748.7116,POINT (-73.98197 40.778453)
2024,40.779492,-73.955589,1651296.1108,POINT (-73.955589 40.779492)
2024,40.781433,-73.972143,540190.8737,POINT (-73.972143 40.781433)
2024,40.783934,-73.979917,434515.517,POINT (-73.979917 40.783934)
2024,40.784318,-73.947152,588370.6471,POINT (-73.947152 40.784318)
2024,40.785672,-73.95107,572247.7502,POINT (-73.95107 40.785672)
2024,40.785868,-73.968916,400942.8733,POINT (-73.968916 40.785868)
2024,40.788644,-73.976218,515545.925,POINT (-73.976218 40.788644)
2024,40.7906,-73.947478,355993.8914,POINT (-73.947478 40.7906)
2024,40.791642,-73.964696,337284.1239,POINT (-73.964696 40.791642)
2024,40.793919,-73.972323,1214896.6616,POINT (-73.972323 40.793919)
2024,40.79502,-73.94425,288980.879,POINT (-73.94425 40.79502)
2024,40.796092,-73.961454,161461.3724,POINT (-73.961454 40.796092)
2024,40.798629,-73.941617,410578.9233,POINT (-73.941617 40.798629)
2024,40.799075,-73.951822,218203.4337,POINT (-73.951822 40.799075)
2024,40.799446,-73.968379,406100.7922,POINT (-73.968379 40.799446)
2024,40.800603,-73.958161,265768.537,POINT (-73.958161 40.800603)
2024,40.802098,-73.949625,282250.7438,POINT (-73.949625 40.802098)
2024,40.803967,-73.966847,416632.1337,POINT (-73.966847 40.803967)
2024,40.804138,-73.937594,802944.2438,POINT (-73.937594 40.804138)
2024,40.805085,-73.954882,217655.918,POINT (-73.954882 40.805085)
2024,40.805368,-73.914042,89657.9691,POINT (-73.914042 40.805368)
2024,40.807566,-73.91924,157214.6571,POINT (-73.91924 40.807566)
2024,40.807722,-73.96411,465323.5705,POINT (-73.96411 40.807722)
2024,40.807754,-73.945495,432220.4674,POINT (-73.945495 40.807754)
2024,40.808719,-73.907657,37231.7071,POINT (-73.907657 40.808719)
2024,40.810476,-73.926138,242172.3131,POINT (-73.926138 40.810476)
2024,40.811109,-73.952343,882810.2222,POINT (-73.952343 40.811109)
2024,40.812118,-73.904098,138768.1737,POINT (-73.904098 40.812118)
2024,40.813224,-73.929849,115968.5526,POINT (-73.929849 40.813224)
2024,40.814229,-73.94077,321797.4863,POINT (-73.94077 40.814229)
2024,40.815581,-73.958372,286385.158,POINT (-73.958372 40.815581)
2024,40.816104,-73.896435,98999.4949,POINT (-73.896435 40.816104)
2024,40.816109,-73.917757,549694.6916,POINT (-73.917757 40.816109)
2024,40.81649,-73.907807,133771.9129,POINT (-73.907807 40.81649)
2024,40.817894,-73.947649,171022.2112,POINT (-73.947649 40.817894)
2024,40.818393,-73.927034,300959.8836,POINT (-73.927034 40.818393)
2024,40.819585,-73.90177,181275.7509,POINT (-73.90177 40.819585)
2024,40.820421,-73.936245,87612.8455,POINT (-73.936245 40.820421)
2024,40.820948,-73.890549,285541.7748,POINT (-73.890549 40.820948)
2024,40.822008,-73.953676,373431.383,POINT (-73.953676 40.822008)
2024,40.822181,-73.896736,76468.1625,POINT (-73.896736 40.822181)
2024,40.82388,-73.93647,99235.4415,POINT (-73.93647 40.82388)
2024,40.824073,-73.893064,197995.572,POINT (-73.893064 40.824073)
2024,40.824783,-73.944216,750141.3689,POINT (-73.944216 40.824783)
2024,40.826525,-73.886283,53051.2313,POINT (-73.886283 40.826525)
2024,40.826551,-73.95036,303240.0901,POINT (-73.95036 40.826551)
2024,40.82795,-73.925741,876805.7484,POINT (-73.925741 40.82795)
2024,40.828584,-73.879159,165391.3975,POINT (-73.879159 40.828584)
2024,40.829521,-73.874516,156041.1888,POINT (-73.874516 40.829521)
2024,40.829993,-73.891865,118592.8662,POINT (-73.891865 40.829993)
2024,40.830135,-73.938209,80747.536,POINT (-73.938209 40.830135)
2024,40.830518,-73.941514,86349.7869,POINT (-73.941514 40.830518)
2024,40.831509,-73.867618,107871.7463,POINT (-73.867618 40.831509)
2024,40.833226,-73.860816,432299.8849,POINT (-73.860816 40.833226)
2024,40.833771,-73.91844,210676.9483,POINT (-73.91844 40.833771)
2024,40.834041,-73.94489,323185.8587,POINT (-73.94489 40.834041)
2024,40.834255,-73.851222,162483.655,POINT (-73.851222 40.834255)
2024,40.835537,-73.9214,251394.2866,POINT (-73.9214 40.835537)
2024,40.836013,-73.939892,133547.063,POINT (-73.939892 40.836013)
2024,40.836488,-73.847036,72864.7101,POINT (-73.847036 40.836488)
2024,40.837288,-73.887734,151466.7358,POINT (-73.887734 40.837288)
2024,40.839306,-73.9134,145255.5569,POINT (-73.9134 40.839306)
2024,40.839892,-73.842952,93357.0708,POINT (-73.842952 40.839892)
2024,40.840075,-73.917791,203870.36,POINT (-73.917791 40.840075)
2024,40.840295,-73.880049,140872.3502,POINT (-73.880049 40.840295)
2024,40.840638,-73.939847,799237.539,POINT (-73.939847 40.840638)
2024,40.841894,-73.873488,262635.0353,POINT (-73.873488 40.841894)
2024,40.843863,-73.836322,62518.8666,POINT (-73.836322 40.843863)
2024,40.844434,-73.914685,139013.3592,POINT (-73.914685 40.844434)
2024,40.8459,-73.910136,116243.3794,POINT (-73.910136 40.8459)
2024,40.84681,-73.832569,114468.4904,POINT (-73.832569 40.84681)
2024,40.847391,-73.939704,342039.9605,POINT (-73.939704 40.847391)
2024,40.84848,-73.911794,154976.5055,POINT (-73.911794 40.84848)
2024,40.848828,-73.868457,64959.26,POINT (-73.868457 40.848828)
2024,40.849505,-73.933596,319020.3119,POINT (-73.933596 40.849505)
2024,40.85041,-73.905227,184504.6046,POINT (-73.905227 40.85041)
2024,40.851695,-73.937969,305553.8262,POINT (-73.937969 40.851695)
2024,40.852462,-73.828121,180810.1237,POINT (-73.828121 40.852462)
2024,40.853453,-73.907684,288402.1481,POINT (-73.907684 40.853453)
2024,40.854364,-73.860495,77639.2064,POINT (-73.860495 40.854364)
2024,40.855225,-73.929412,225395.3674,POINT (-73.929412 40.855225)
2024,40.856093,-73.900741,123599.0399,POINT (-73.900741 40.856093)
2024,40.857192,-73.867615,238613.4731,POINT (-73.867615 40.857192)
2024,40.858407,-73.903879,161954.3864,POINT (-73.903879 40.858407)
2024,40.858985,-73.855359,84811.6731,POINT (-73.855359 40.858985)
2024,40.859022,-73.93418,148825.9954,POINT (-73.93418 40.859022)
2024,40.860531,-73.925536,210375.8746,POINT (-73.925536 40.860531)
2024,40.861296,-73.897749,247260.695,POINT (-73.897749 40.861296)
2024,40.862803,-73.901034,284836.1859,POINT (-73.901034 40.862803)
2024,40.864621,-73.918822,186634.3051,POINT (-73.918822 40.864621)
2024,40.865462,-73.867352,119917.7114,POINT (-73.867352 40.865462)
2024,40.865491,-73.927271,213872.5265,POINT (-73.927271 40.865491)
2024,40.866978,-73.893509,169501.5957,POINT (-73.893509 40.866978)
2024,40.86776,-73.897174,247994.4091,POINT (-73.897174 40.86776)
2024,40.868072,-73.919899,293322.8054,POINT (-73.919899 40.868072)
2024,40.869444,-73.915279,76362.3003,POINT (-73.915279 40.869444)
2024,40.869526,-73.846384,124311.3539,POINT (-73.846384 40.869526)
2024,40.871356,-73.867164,74248.9073,POINT (-73.867164 40.871356)
2024,40.873244,-73.887138,178274.0724,POINT (-73.887138 40.873244)
2024,40.873412,-73.890064,161812.7813,POINT (-73.890064 40.873412)
2024,40.874561,-73.909831,146645.3441,POINT (-73.909831 40.874561)
2024,40.874811,-73.878855,193319.751,POINT (-73.878855 40.874811)
2024,40.87785,-73.866256,184882.098,POINT (-73.866256 40.87785)
2024,40.878663,-73.838591,77348.6937,POINT (-73.838591 40.878663)
2024,40.878856,-73.904834,263048.8112,POINT (-73.904834 40.878856)
2024,40.87975,-73.884655,222080.8811,POINT (-73.884655 40.87975)
2024,40.883895,-73.862633,62673.9968,POINT (-73.862633 40.883895)
2024,40.884667,-73.90087,136508.929,POINT (-73.90087 40.884667)
2024,40.886037,-73.878751,199794.3809,POINT (-73.878751 40.886037)
2024,40.888022,-73.860341,80375.1699,POINT (-73.860341 40.888022)
2024,40.8883,-73.830834,112251.6424,POINT (-73.830834 40.8883)
2024,40.889248,-73.898583,214321.2911,POINT (-73.898583 40.889248)
2024,40.893193,-73.857473,108435.0104,POINT (-73.857473 40.893193)
2024,40.898379,-73.854376,76878.6708,POINT (-73.854376 40.898379)
2024,40.903125,-73.85062,129961.1384,POINT (-73.85062 40.903125)
